<PAMDataset>
  <Metadata>
    <MDI key="CACHE_PATH">./google_wms_cache\b9ea1e9fc65cfa16b421a3145b45684d</MDI>
  </Metadata>
  <Metadata domain="IMAGE_STRUCTURE">
    <MDI key="INTERLEAVE">PIXEL</MDI>
  </Metadata>
  <PAMRasterBand band="1">
    <Metadata>
      <MDI key="STATISTICS_APPROXIMATE">YES</MDI>
      <MDI key="STATISTICS_MAXIMUM">242</MDI>
      <MDI key="STATISTICS_MEAN">196.68952941895</MDI>
      <MDI key="STATISTICS_MINIMUM">97</MDI>
      <MDI key="STATISTICS_STDDEV">37.009942828247</MDI>
      <MDI key="STATISTICS_VALID_PERCENT">100</MDI>
    </Metadata>
  </PAMRasterBand>
  <PAMRasterBand band="2">
    <Metadata>
      <MDI key="STATISTICS_APPROXIMATE">YES</MDI>
      <MDI key="STATISTICS_MAXIMUM">239</MDI>
      <MDI key="STATISTICS_MEAN">221.10260009766</MDI>
      <MDI key="STATISTICS_MINIMUM">173</MDI>
      <MDI key="STATISTICS_STDDEV">14.858582287847</MDI>
      <MDI key="STATISTICS_VALID_PERCENT">100</MDI>
    </Metadata>
  </PAMRasterBand>
  <PAMRasterBand band="3">
    <Metadata>
      <MDI key="STATISTICS_APPROXIMATE">YES</MDI>
      <MDI key="STATISTICS_MAXIMUM">233</MDI>
      <MDI key="STATISTICS_MEAN">226.18321228027</MDI>
      <MDI key="STATISTICS_MINIMUM">195</MDI>
      <MDI key="STATISTICS_STDDEV">6.2300893425706</MDI>
      <MDI key="STATISTICS_VALID_PERCENT">100</MDI>
    </Metadata>
  </PAMRasterBand>
</PAMDataset>
