<GDAL_WMS>
  <Service name="TMS">
  <ServerUrl>http://a.tile.openstreetmap.org/${z}/${x}/${y}.png</ServerUrl>
  </Service>
  <DataWindow>
    <UpperLeftX>-20037508.34</UpperLeftX>
    <UpperLeftY>20037508.34</UpperLeftY>
    <LowerRightX>20037508.34</LowerRightX>
    <LowerRightY>-20037508.34</LowerRightY>
    <TileLevel>19</TileLevel>
    <TileCountX>1</TileCountX>
    <TileCountY>1</TileCountY>
    <YOrigin>top</YOrigin>
  </DataWindow>
  <Projection>EPSG:3785</Projection>
  <BlockSizeX>256</BlockSizeX>
  <BlockSizeY>256</BlockSizeY>
  <BandsCount>3</BandsCount>
    <Cache>	
        <Path>./google_wms_cache</Path>
        <Depth>2</Depth>
        <Extension>.jpg</Extension>
    </Cache>    
<!--     <Cache /> -->
</GDAL_WMS>